,duration,id,sentences,timestamps
0,139.04,v_sJFgo9H6zNo,A little boy playing on a jungle gym.,"[3.48, 17.38]"
1,139.04,v_sJFgo9H6zNo, He is climbing up a set of stairs.,"[3.48, 13.9]"
2,139.04,v_sJFgo9H6zNo, Now is sliding fast down a slide.,"[9.04, 18.77]"
3,139.04,v_sJFgo9H6zNo, Another boy is shown playing in the grass.,"[19.47, 27.11]"
4,139.04,v_sJFgo9H6zNo, Now the first boy is being picked up by a woman.,"[27.11, 38.24]"
5,139.04,v_sJFgo9H6zNo, Now he is going to go down the slide once again.,"[33.37, 45.19]"
6,139.04,v_sJFgo9H6zNo, The boy likes playing with a large wheel on the playground.,"[45.88, 51.45]"
7,139.04,v_sJFgo9H6zNo," Once again he goes down the slide, but with dad right behind him.","[65.35, 78.56]"
8,139.04,v_sJFgo9H6zNo, He goes down the slide a 4th time but with another little boy.,"[84.82, 98.02]"
9,139.04,v_sJFgo9H6zNo, He goes down the slide several more times.,"[111.93, 130.7]"
0,208.86,v_u2uoYvo8J5s,A man is opening his back door to let a little girl outside.,"[0, 11.49]"
1,208.86,v_u2uoYvo8J5s, The man is following the little girl.,"[0, 43.86]"
2,208.86,v_u2uoYvo8J5s, A little girl walks and points toward the camera.,"[9.4, 32.37]"
3,208.86,v_u2uoYvo8J5s, A dog enters the scene and the little girl jumps with happiness.,"[25.06, 30.29]"
4,208.86,v_u2uoYvo8J5s, The little girl walks around her slide.,"[36.55, 45.95]"
5,208.86,v_u2uoYvo8J5s, The little girl starts to climb up the slide and the man helps her get to the top.,"[43.86, 77.28]"
6,208.86,v_u2uoYvo8J5s, The little girl begins to play with the wheel and gets on her knees.,"[76.24, 99.21]"
7,208.86,v_u2uoYvo8J5s, The man helps the little girl go down the slide.,"[99.21, 115.92]"
8,208.86,v_u2uoYvo8J5s, The little girl goes to the swing and the man helps her into it.,"[115.92, 171.27]"
9,208.86,v_u2uoYvo8J5s, The little girl points at the camera.,"[152.47, 154.56]"
10,208.86,v_u2uoYvo8J5s, The man pushes the little girl on the swing.,"[174.4, 208.86]"
0,92.18,v_--0edUL8zmA,Four men are playing dodge ball in an indoor court.,"[6.91, 69.14]"
1,92.18,v_--0edUL8zmA, They start running towards the red balls after the coach blows the whistle.,"[11.06, 69.14]"
2,92.18,v_--0edUL8zmA, One of the players hits the ball on his opponent.,"[16.13, 69.14]"
3,92.18,v_--0edUL8zmA," The opponent strikes back at the other player, but he manages to dodge the ball.","[21.2, 69.14]"
4,92.18,v_--0edUL8zmA," Next, the player hits another ball directly at his opponent standing opposite him.","[27.19, 69.14]"
5,92.18,v_--0edUL8zmA, The player hits the ball hard on his opponent's leg.,"[33.19, 72.36]"
6,92.18,v_--0edUL8zmA, They continue playing several rounds of dodge ball.,"[41.48, 72.36]"
7,92.18,v_--0edUL8zmA, The player aims directly at one of his opponents and hits him on his leg.,"[58.08, 72.36]"
8,92.18,v_--0edUL8zmA, The game ends after the coach blows the whistle.,"[71.9, 72.36]"
0,125.27,v_c_NlYvL96y0,A girl is stretching her body on a ballet bar.,"[0, 5.64]"
1,125.27,v_c_NlYvL96y0, An instructor stands with a woman and talks about ballet.,"[5.01, 8.77]"
2,125.27,v_c_NlYvL96y0, The girl dances and pans back to the instructor.,"[8.77, 15.66]"
3,125.27,v_c_NlYvL96y0, The instructor talks about the tools you will need for ballet.,"[20.67, 25.68]"
4,125.27,v_c_NlYvL96y0, She talks about various ballet moves to do at the barre while the dancer demonstrates.,"[26.93, 125.27]"
0,83.06,v_hHiPEAiYKv0,A man is shoveling snow off his driveway in a heavy snow storm.,"[29.49, 33.64]"
1,83.06,v_hHiPEAiYKv0, He is wearing winter clothing and his fully covered.,"[33.64, 46.1]"
2,83.06,v_hHiPEAiYKv0, Another man is also shoveling snow off of he walkway of the house is not wearing any winter gear.,"[46.1, 59.39]"
3,83.06,v_hHiPEAiYKv0, They both continue to shovel and clean the snow in the heavy snow storm.,"[59.39, 62.29]"
0,108.03999999999999,v_GCtrfXIBbwA,young man is playing the harmonica.,"[0, 29.17]"
1,108.03999999999999,v_GCtrfXIBbwA, young man introduces his video lesson and lays out the lesson plan.,"[29.17, 58.34]"
2,108.03999999999999,v_GCtrfXIBbwA, Musical notes are displayed onscreen while harmonica plays.,"[58.88, 108.04]"
0,107.67,v_rs7er4e67ec,The video begins with details of a field hockey team's victory in the final championship game.,"[18.84, 32.84]"
1,107.67,v_rs7er4e67ec, The stadium shows the two teams competing in the game hockey.,"[32.84, 49.53]"
2,107.67,v_rs7er4e67ec, The crowd is loudly cheering as one team becomes victorious.,"[49.53, 64.6]"
3,107.67,v_rs7er4e67ec, The players jump on each other with joy as they celebrate.,"[64.6, 97.98]"
4,107.67,v_rs7er4e67ec, There is a stage of singers performing live music as they celebrate the victory of the winning team.,"[97.98, 107.67]"
0,71.82,v_6ZabZdqdLyA,Two small children are playing on a swingset on a snow covered yard.,"[0, 8.62]"
1,71.82,v_6ZabZdqdLyA," One child runs over to a swingset, but decides to change over to a green swing.","[11.13, 17.24]"
2,71.82,v_6ZabZdqdLyA, An adult helps the child onto the swing.,"[17.6, 33.04]"
3,71.82,v_6ZabZdqdLyA," The other child also wants to join the first child on the same swing, and holds the swing steady while the child climbs on.","[33.4, 47.04]"
4,71.82,v_6ZabZdqdLyA," The child is able to climb on, and the two children enjoy swinging together as the adult pushes the swing forward.","[47.4, 62.48]"
0,120.05,v_yUSo_xjyGhM,Two young boys are at a sink.,"[0, 120.05]"
1,120.05,v_yUSo_xjyGhM, One of the boys has no hands.,"[6.6, 120.05]"
2,120.05,v_yUSo_xjyGhM, He is washing the dishes.,"[13.21, 120.05]"
3,120.05,v_yUSo_xjyGhM, The other boy helps him clean.,"[23.41, 120.05]"
0,50.48,v_Ou24uqaFRPg,A furniture renovation company advertises their services by showing several homes and tools they have worked on and use and what type of work they do.,"[0, 50.48]"
1,50.48,v_Ou24uqaFRPg, A man in an apron carefully puts a colored substance on a plate.,"[9.84, 12.87]"
2,50.48,v_Ou24uqaFRPg, The man mixes two of the different colored substances with a paint brush.,"[15.4, 17.42]"
3,50.48,v_Ou24uqaFRPg, The man carefully touches the paint brush to an old table coloring portions of the table that have been damaged.,"[17.67, 25.49]"
4,50.48,v_Ou24uqaFRPg, A different man in an apron and face mask sands an old table.,"[25.75, 37.1]"
5,50.48,v_Ou24uqaFRPg, The man then puts polish on a rag and polishes the table.,"[31.05, 37.1]"
6,50.48,v_Ou24uqaFRPg, The man polishes a different old table.,"[37.36, 41.14]"
7,50.48,v_Ou24uqaFRPg, Information on how to reach the restoration company is displayed.,"[41.65, 50.48]"
0,35.97,v_sjyZWmvTGA4,Several men are blowing leaves in front of a home.,"[0.54, 27.34]"
1,35.97,v_sjyZWmvTGA4, One man is going all throughout the yard to blow the leaves.,"[3.06, 27.34]"
2,35.97,v_sjyZWmvTGA4, He clears out in front of the home.,"[5.75, 25.18]"
3,35.97,v_sjyZWmvTGA4, He also clears out by the shed.,"[10.07, 12.95]"
4,35.97,v_sjyZWmvTGA4, Another man is shown wandering through the yard.,"[27.34, 35.25]"
0,225.42000000000002,v_BxzOUJbq28s,A man with a beard is playing on a green drum.,"[0, 49.59]"
1,225.42000000000002,v_BxzOUJbq28s, The man starts adding in a second drum to the mix.,"[49.59, 181.46]"
2,225.42000000000002,v_BxzOUJbq28s, A third drum is added to the drumming mix.,"[181.46, 225.42]"
0,166.51,v_Z8yNbpjUSLc,A woman is in a kitchen talking about how to make lemonde.,"[6.66, 116.56]"
1,166.51,v_Z8yNbpjUSLc, She presents various ingredients that you need to have.,"[24.14, 51.62]"
2,166.51,v_Z8yNbpjUSLc, She blends all the juices together into a grinder to make a mixture.,"[81.59, 119.06]"
3,166.51,v_Z8yNbpjUSLc, She then pours the mixture into a glass and drinks the juice.,"[123.22, 149.03]"
0,46.16,v_6uhLrPgbpUA,"Several bicycle racers dressed in motocross suits and wearing helmets are lined up at the start line, waiting to race.","[0, 5.08]"
1,46.16,v_6uhLrPgbpUA," The race begins, and all bikers race down a hill, toward a jump.","[5.31, 8.77]"
2,46.16,v_6uhLrPgbpUA," The bikers jump off a hill, but one of the bikers, dressed in red and black, tumbles to the ground.","[8.77, 10.39]"
3,46.16,v_6uhLrPgbpUA," The biker immediately behind him, dressed in red, white and blue, tries to avoid the fallen biker, and falls to the ground as well.","[10.39, 11.77]"
4,46.16,v_6uhLrPgbpUA, The other bikers race off.,"[11.77, 12.23]"
5,46.16,v_6uhLrPgbpUA," The biker in black and red immediately trots off the track, while the biker in red, white and blue, is clearly injured and struggles to get to his knees.","[12.46, 15.69]"
6,46.16,v_6uhLrPgbpUA, Three men dressed in black jackets come to the aid of the first biker.,"[15.93, 25.62]"
0,11.73,v_jIQFVSymHQs,An inflatable ball bounces on the grass as kids watch playing a game.,"[0, 2.52]"
1,11.73,v_jIQFVSymHQs, A young boy in blue shirt and jeans retrieves the ball and runs towards the group.,"[2.46, 11.73]"
0,50.62,v_2U0vMYnC49c,A boy in red jacket holds a window scraper tool and remove snow from a car windshield.,"[0, 36.95]"
1,50.62,v_2U0vMYnC49c, The boy turns the tool and uses the edge corner edge briefly.,"[37.46, 42.77]"
2,50.62,v_2U0vMYnC49c, The boy continues to scrape the windshield as before with the broad side of the tool.,"[42.77, 50.62]"
0,121.53,v_gKkk82LG8H0,Group play the bongos while a young woman dances.,"[0, 121.53]"
1,121.53,v_gKkk82LG8H0, A couple walks past the group.,"[26.13, 32.21]"
2,121.53,v_gKkk82LG8H0, The drummer gives the camera a thumbs up gesture.,"[36.46, 40.71]"
3,121.53,v_gKkk82LG8H0, Lots of people pass in the background.,"[53.47, 68.06]"
4,121.53,v_gKkk82LG8H0, A small group are looking on at the musicians.,"[81.43, 111.2]"
5,121.53,v_gKkk82LG8H0, The dancer poses with 2 other women.,"[111.2, 121.53]"
0,102.8,v_UvuXGKesWS0,The words Freestyle Swimming float across the screen.,"[0, 8.22]"
1,102.8,v_UvuXGKesWS0, A man jumps in the pool and swims freestyle.,"[8.22, 33.41]"
2,102.8,v_UvuXGKesWS0, The words BackStroke Style float across the screen.,"[33.41, 39.58]"
3,102.8,v_UvuXGKesWS0, The same man swims backstroke down the lane from where he came.,"[39.58, 65.27]"
4,102.8,v_UvuXGKesWS0, The words BreastStroke show up on the screen.,"[65.27, 70.41]"
5,102.8,v_UvuXGKesWS0, The man does the breaststroke back across the pool.,"[70.41, 102.8]"
0,33.46,v_gY5akj1YcMk,A man does wave wheels in a canoe.,"[6.69, 27.44]"
1,33.46,v_gY5akj1YcMk," He is shown doing downstream momentum, rolling over in his canoe.","[10.54, 15.06]"
2,33.46,v_gY5akj1YcMk, Now we see set edge and plant blade as he moves upstream.,"[17.9, 26.6]"
0,228.09,v_T9JSNxOyUQA,A large group of people is standing and walking around several stacks of inner-tubes and a bus.,"[0, 19.39]"
1,228.09,v_T9JSNxOyUQA, Two young children are sitting in one of the bus seats.,"[19.39, 21.67]"
2,228.09,v_T9JSNxOyUQA, A group of adults is riding in the bus talking.,"[22.81, 38.78]"
3,228.09,v_T9JSNxOyUQA, Several kids are in their inner-tubes in the water among other people floating on inner-tubes in the water.,"[41.06, 50.18]"
4,228.09,v_T9JSNxOyUQA, Several people are shown in canoes with people in inner-tubes in the background.,"[52.46, 58.16]"
5,228.09,v_T9JSNxOyUQA, A young girl sinks down in the middle of her inner-tube and jumps back up with her head soaked.,"[59.3, 70.71]"
6,228.09,v_T9JSNxOyUQA, Someone shows a first person view floating down the river.,"[59.3, 228.09]"
7,228.09,v_T9JSNxOyUQA, Various other people are shown in inner-tubes and canoes in the water.,"[94.66, 182.47]"
8,228.09,v_T9JSNxOyUQA, A few people are seen buying food from two women at a a concession stand.,"[143.7, 151.68]"
9,228.09,v_T9JSNxOyUQA, A man holds a young boy in a life vest who looks like he is sleeping.,"[166.51, 212.12]"
0,162.35,v_-YjGbsbDoxs,"A lady named Linda, creator of Paint Along is demonstrating how to do an acrylic painting.","[11.36, 127.45]"
1,162.35,v_-YjGbsbDoxs, She starts with a one inch flat brush and yellow and white acrylic paint.,"[18.67, 127.45]"
2,162.35,v_-YjGbsbDoxs, She makes X patterns across the canvas with the yellow color.,"[37.34, 127.45]"
3,162.35,v_-YjGbsbDoxs, She continues the same pattern on the top part of the canvas.,"[43.84, 127.45]"
4,162.35,v_-YjGbsbDoxs, Then she draws straight lines across the canvas with an orange color.,"[60.88, 127.45]"
5,162.35,v_-YjGbsbDoxs, She then takes a liner brush to do some finer detailing on the painting such as branches of a tree.,"[108.78, 127.45]"
6,162.35,v_-YjGbsbDoxs, She takes a flatter brush to demonstrate a dabbing technique with excess paint to show flower petals.,"[123.39, 155.86]"
7,162.35,v_-YjGbsbDoxs, She ends the video with the abstract painting technique.,"[153.42, 155.86]"
0,40.47,v_p800u2wCKbE,A news reporter is talking about a local fund raiser held by a nursery school.,"[3.84, 8.7]"
1,40.47,v_p800u2wCKbE, There are several people gathered to support the cause.,"[8.7, 13.96]"
2,40.47,v_p800u2wCKbE, There is a lemonade stand set up where people are purchasing lemonade to donate money for a cause.,"[13.96, 33.19]"
3,40.47,v_p800u2wCKbE, One of the parents is talking to the news reporter about the fund raiser.,"[33.19, 36.83]"
4,40.47,v_p800u2wCKbE, Three more parents are standing are chatting as they sip lemonade.,"[36.83, 39.46]"
5,40.47,v_p800u2wCKbE," A picture the girl, Hannah is shown for whom the fund raiser was held.","[39.46, 40.47]"
0,185.62,v_BfnM0eyjB5Q,A woman is giving instructions on how to install and adjust a saddle on a bike.,"[12.07, 27.84]"
1,185.62,v_BfnM0eyjB5Q, She uses a Allen key wrench to loosen up the bolt.,"[27.84, 46.41]"
2,185.62,v_BfnM0eyjB5Q, Then she demonstrates how she can move the saddle after she loosens it.,"[46.41, 62.18]"
3,185.62,v_BfnM0eyjB5Q, She hits it with her hand to push the jammed saddle.,"[62.18, 82.6]"
4,185.62,v_BfnM0eyjB5Q, Then she shows how to adjust the saddle by moving it back and forth.,"[82.6, 103.95]"
5,185.62,v_BfnM0eyjB5Q, She later demonstrates how to remove the saddle off.,"[103.95, 119.73]"
6,185.62,v_BfnM0eyjB5Q, She puts the new one on and then uses tools to tighten it back on.,"[119.73, 133.65]"
7,185.62,v_BfnM0eyjB5Q, She uses a screwdriver to tighten the screws and adjust the level.,"[133.65, 151.28]"
8,185.62,v_BfnM0eyjB5Q, She then shows another saddle and demonstrates how to tighten the bolts to adjust the level of the saddle.,"[151.28, 181.91]"
9,185.62,v_BfnM0eyjB5Q, She shows how to tighten the bolt to make sure the saddle fits snugly.,"[181.91, 185.62]"
0,178.21,v_-Xl95IW5H_s,This is a tutorial on how to start a campfire.,"[10.69, 16.04]"
1,178.21,v_-Xl95IW5H_s, It shows the campfire burning on the ground.,"[16.04, 22.28]"
2,178.21,v_-Xl95IW5H_s, It starts with the things you will need to begin with.,"[22.28, 27.62]"
3,178.21,v_-Xl95IW5H_s, A designated place and some rocks arranged in a circle to create a pit.,"[27.62, 32.97]"
4,178.21,v_-Xl95IW5H_s, Some crumpled newspaper and a lighter along with a bucket of water.,"[32.97, 70.39]"
5,178.21,v_-Xl95IW5H_s, A man begins demonstrating how to place the newspaper and twigs on top of that.,"[70.39, 81.98]"
6,178.21,v_-Xl95IW5H_s, He then creates a pyramid shaped structure.,"[81.98, 93.56]"
7,178.21,v_-Xl95IW5H_s, He takes his lighter and lights the newspaper in several places to start the fire.,"[93.56, 116.73]"
8,178.21,v_-Xl95IW5H_s, The bonfire starts burning and continues to burn.,"[116.73, 139.01]"
9,178.21,v_-Xl95IW5H_s, He adds a few more twigs to keep the flames burning.,"[139.01, 139.9]"
0,85.22,v_maXU1lGguxs,A beautiful young woman holding a violin in hand begins to motion back and forth against the strings with the bow to play a song that she has practiced.,"[0, 9.8]"
1,85.22,v_maXU1lGguxs, The nicely dressed woman in black with white sleeves continues playing and smiling intermittently while eloquently holding down different chords and notes in the corner of the room next to a piano dancing back and forth as she plays.,"[9.8, 76.7]"
2,85.22,v_maXU1lGguxs, The woman stops playing and smiles once more before walking out of view of the camera putting the violin down and ending the song.,"[76.7, 85.22]"
0,187.39,v_R4ES1QLRvtg,A person in dark winter gear is using a shovel to shovel the walkway of a parking garage.,"[23.42, 53.41]"
1,187.39,v_R4ES1QLRvtg, It is night time and the street is dimly lit with the street lights.,"[53.41, 113.37]"
2,187.39,v_R4ES1QLRvtg, He continues shoveling the entire pathway while several cars drive by on the main road nearby.,"[113.37, 149.91]"
3,187.39,v_R4ES1QLRvtg,He picks up the up snow and piles it up on the corner.,"[149.91, 177.08]"
4,187.39,v_R4ES1QLRvtg," After he finishes, he walks away.","[177.08, 187.39]"
0,111.6,v_jafEh82XETQ,A man is demonstrating how to cook a friend bologna sandwich in his kitchen.,"[9.49, 16.74]"
1,111.6,v_jafEh82XETQ, He takes two slices of sandwich bread and puts them in the toaster.,"[16.74, 21.2]"
2,111.6,v_jafEh82XETQ, Then he takes a little butter and bologna in a frying pan and fries it.,"[21.2, 26.23]"
3,111.6,v_jafEh82XETQ, He flips the bologna to fry it on both sides.,"[26.23, 55.8]"
4,111.6,v_jafEh82XETQ, Then he takes two slices of American cheese.,"[55.8, 66.4]"
5,111.6,v_jafEh82XETQ, He takes the bologna out of the pan and places it on the toast along with the cheese slices.,"[66.4, 94.86]"
6,111.6,v_jafEh82XETQ, He shows the finished sandwich with the bologna and cheese.,"[94.86, 104.34]"
0,17.0,v_5Bo0gFXxDQk,A person wearing a blue shirt is sitting on the floor welding.,"[1.02, 3.06]"
1,17.0,v_5Bo0gFXxDQk, He is wearing protective gear to cover his face and eyes.,"[3.06, 6.88]"
2,17.0,v_5Bo0gFXxDQk, He also has protective gloves on that are brown in color.,"[6.88, 12.24]"
3,17.0,v_5Bo0gFXxDQk, He continues welding a long metal rod with welding tool directed towards the rod.,"[12.24, 12.75]"
0,215.55,v_hmT9H0IjiGs,A man wearing a white hat is demonstrating how to make a Caribbean drink.,"[14.01, 46.34]"
1,215.55,v_hmT9H0IjiGs, He shows a bowl filled with citrus fruits.,"[46.34, 63.59]"
2,215.55,v_hmT9H0IjiGs, He takes a lemon juicer and some lemons and limes and oranges.,"[63.59, 85.14]"
3,215.55,v_hmT9H0IjiGs, He then juices the oranges and lemon on the juicer.,"[85.14, 106.7]"
4,215.55,v_hmT9H0IjiGs, He then empties the juice a large cocktail bowl.,"[106.7, 132.56]"
5,215.55,v_hmT9H0IjiGs, He adds rum to the juice along with some vanilla extract.,"[132.56, 151.96]"
6,215.55,v_hmT9H0IjiGs, He also mixes in sugar and rum and whisks the drink.,"[151.96, 172.44]"
7,215.55,v_hmT9H0IjiGs, He finally adds a bowl full of water and stirs it well.,"[172.44, 195.07]"
8,215.55,v_hmT9H0IjiGs, He pours the beverage in cocktail glasses and places it on the kitchen counter.,"[195.07, 205.85]"
0,127.32,v_97McCuWAynA,A surfer wearing a wet suit takes off and rides a wave in the ocean.,"[0, 5.73]"
1,127.32,v_97McCuWAynA, Two surfers is greeted by a seal in the ocean that jumps on his board and plays with them.,"[6.37, 112.67]"
2,127.32,v_97McCuWAynA, The surfer wearing a wet suit takes off on a wave leaving the seal behind.,"[113.31, 127.32]"
0,136.37,v_WEohpavjsIY,A pair of dancer begins preforming at the latin dance cup.,"[0, 27.96]"
1,136.37,v_WEohpavjsIY, The woman shows off cleavage.,"[27.27, 36.14]"
2,136.37,v_WEohpavjsIY, The dancers begin spinning around each other.,"[40.23, 99.55]"
3,136.37,v_WEohpavjsIY, The dancers begin to preform seperately.,"[98.87, 118.64]"
4,136.37,v_WEohpavjsIY, The dancers begins moving again together for a big finish.,"[120.69, 136.37]"
0,214.44,v_IGcsVPa34Hc,A small girl is making cookies with her mother in her kitchen.,"[17.15, 36.45]"
1,214.44,v_IGcsVPa34Hc, She wants her mom to pretend that she is Santa Claus.,"[36.45, 47.18]"
2,214.44,v_IGcsVPa34Hc, The laughs and rolls the cookie dough on the cutting board.,"[47.18, 65.4]"
3,214.44,v_IGcsVPa34Hc, The mother opens the oven and puts the tray full of cookie dough into the oven for baking.,"[65.4, 167.26]"
4,214.44,v_IGcsVPa34Hc," The mother then takes the cookie cutter and makes some more cookies for baking, Then both mother and daughter go through the cookie recipe as they place the cookie dough on the tray.","[167.26, 181.2]"
5,214.44,v_IGcsVPa34Hc," After the cookies are baked, they decorate the cookies with sprinkles and frosting.","[181.2, 203.72]"
6,214.44,v_IGcsVPa34Hc, The girl proudly shows the finished cookie after it's done.,"[203.72, 211.22]"
0,158.35,v_gSeE_Ms-2TI,A man is seen kneeling down on a roof and speaking to the camera.,"[0, 39.59]"
1,158.35,v_gSeE_Ms-2TI, The camera pans all around the roof while the man is seen sitting and still speaking.,"[38.8, 118.76]"
2,158.35,v_gSeE_Ms-2TI, The camera pans all around the roof and shows the man still sitting.,"[120.35, 153.6]"
0,231.25,v_rhOtqArO-3Y,The video shows a canopy representing the Eastern Mountain Sports event.,"[0, 12.72]"
1,231.25,v_rhOtqArO-3Y, Several players are getting ready for the sporting event in an outdoor setting on a bright sunny day.,"[12.72, 37]"
2,231.25,v_rhOtqArO-3Y, There is a boy balancing on a tight rope.,"[37, 76.31]"
3,231.25,v_rhOtqArO-3Y, There are several other contestants walking on the tight rope.,"[76.31, 137.59]"
4,231.25,v_rhOtqArO-3Y, Several people watch the contestants perform.,"[137.59, 173.44]"
5,231.25,v_rhOtqArO-3Y, Two people are playing with a Frisbee as one person walks on the rope.,"[173.44, 150.31]"
6,231.25,v_rhOtqArO-3Y, A girl and boy try the tight rope together.,"[150.31, 172.28]"
7,231.25,v_rhOtqArO-3Y, There are people enjoying themselves on a hammock.,"[172.28, 223.15]"
8,231.25,v_rhOtqArO-3Y, The end credits thank the people and organizers of the event.,"[223.15, 231.25]"
0,82.66,v_xr64cSwpNOM,A man competes in a strong man competition and stands on a log chopping it with an ax in hand.,"[0, 56.21]"
1,82.66,v_xr64cSwpNOM, The man finally splits the log below his feet.,"[56.62, 60.76]"
2,82.66,v_xr64cSwpNOM, A second man in the competition in vest picks up and drops a large spherical weight on a tire repeatedly.,"[57.04, 69.44]"
3,82.66,v_xr64cSwpNOM, A A man in red steps onto a log and receives an ax by a referee.,"[65.3, 82.66]"
0,226.21,v_xi4puZ1ulP4,A woman is seen with seen wearing a tanktop with introduction text.,"[0, 18.1]"
1,226.21,v_xi4puZ1ulP4, The woman have hair tied back and applies eye make up to eyes using various brushes and colors.,"[18.1, 73.52]"
2,226.21,v_xi4puZ1ulP4, The woman begins to puts eye liner on with a fine pencil.,"[73.52, 104.06]"
3,226.21,v_xi4puZ1ulP4, The women takes cloth ties out of here hair and lets her hair down which is now curled.,"[104.06, 149.3]"
4,226.21,v_xi4puZ1ulP4, The woman uses a comb and hairspray to straighten parts of here hair then ties it back.,"[149.3, 202.46]"
5,226.21,v_xi4puZ1ulP4, Messages of tex are shown on the end of the video.,"[212.64, 226.21]"
0,117.08,v_x99PS_O6JW8,A young man is talking to the camera outside while taking puffs off of a hookah.,"[2.34, 111.22]"
1,117.08,v_x99PS_O6JW8, He puts the pipe away and takes a swing out of an energy drink.,"[18.73, 24]"
2,117.08,v_x99PS_O6JW8, He moves the camera to show another man and continues smoking the hookah next to the other man.,"[29.27, 105.37]"
3,117.08,v_x99PS_O6JW8, Both look into the camera while smoking and the boy still continues drinking the energy drink.,"[37.46, 111.22]"
0,158.18,v_lVMMPkvnid8,Team of Bolivian bowlers get ready to start bowling by practicing a technique taught by Jason Belmont by putting two fingers in the holes and using two hands to spin the ball.,"[0, 28.47]"
1,158.18,v_lVMMPkvnid8, The young amateur players begin to bowl using the two handed technique.,"[28.47, 77.51]"
2,158.18,v_lVMMPkvnid8, The president of the Bowling Federation Marcelo Garafulic is introduced.,"[77.51, 100.44]"
3,158.18,v_lVMMPkvnid8, The announcer begins explaining how the team of Bolivian bowlers are training and more practice is shown.,"[101.23, 117.84]"
4,158.18,v_lVMMPkvnid8, Garafulic starts to explain clinics and the medals they have won breaking perfect games.,"[129.7, 143.94]"
5,158.18,v_lVMMPkvnid8, The bowlers are shown practicing once again.,"[143.94, 158.18]"
0,85.17,v_EsVxUf4Ae2c,A man is standing on ice with his pole standing straight up beside him.,"[0, 7.67]"
1,85.17,v_EsVxUf4Ae2c, The man grabs his fishing pole and starts fishing in the hole in the ice.,"[7.67, 31.94]"
2,85.17,v_EsVxUf4Ae2c, The man appears to have caught something and kneels down to pull his fishing line by hand.,"[31.94, 50.25]"
3,85.17,v_EsVxUf4Ae2c, The man pulls a fish out of the water and poses with it.,"[50.25, 61.32]"
4,85.17,v_EsVxUf4Ae2c, The man unhooks the hook from the fish's mouth.,"[61.32, 73.67]"
5,85.17,v_EsVxUf4Ae2c, The man kisses the fish and releases it back into the hole.,"[73.67, 85.17]"
0,115.47,v_mQHY2uMOMP4,"The video instructor, Stephanie is talking about a hair tutorial.","[8.08, 15.01]"
1,115.47,v_mQHY2uMOMP4, She is demonstrating how to cut long hair on men.,"[15.01, 25.98]"
2,115.47,v_mQHY2uMOMP4, Her model is seated in a chair next to her as she combs his wet hair.,"[25.98, 41.57]"
3,115.47,v_mQHY2uMOMP4, She shows how the hair is parted and sectioned before cutting the hair She uses scissors to point cut the tips of the model's hair.,"[41.57, 86.03]"
4,115.47,v_mQHY2uMOMP4, She continues the procedure on the model's hair.,"[86.03, 100.46]"
5,115.47,v_mQHY2uMOMP4, She then explains how to blow dry the hair to get the finished look on the model.,"[100.46, 110.85]"
6,115.47,v_mQHY2uMOMP4, She finally gives information about her website.,"[110.85, 115.47]"
0,43.58,v_M_LSDRzVN38,A blindfolded young woman swings a stick around wildly as a man holds a pi単ata high above her head on a string at a birthday party.,"[0, 15.04]"
1,43.58,v_M_LSDRzVN38, Then woman swings a few more times as the man brings the pi単ata up and down with the attached string and as she does this knocks a piece of the pi単ata off and a few kids gather round her to see if any candy fell out.,"[15.04, 32.91]"
2,43.58,v_M_LSDRzVN38," The woman feels for the pi単ata a few times with the stick, but does not swing as kids continue to look up in amazement.","[32.91, 43.58]"
0,177.26,v_a2vaM_aRHv4,A list of ingredients is shown written in a list.,"[14.18, 17.73]"
1,177.26,v_a2vaM_aRHv4, Glass bowls are set on a counter with various ingredients for a dish.,"[18.61, 20.39]"
2,177.26,v_a2vaM_aRHv4, A person measures and cuts parchment paper using a cooking tin as a guide.,"[20.39, 52.29]"
3,177.26,v_a2vaM_aRHv4, The person measures ingredients in a glass bowl then adds them to an electric mixer to blend.,"[53.18, 99.27]"
4,177.26,v_a2vaM_aRHv4, The person brushes on oil to the parchment paper then sets it into a cooking tin.,"[100.15, 116.99]"
5,177.26,v_a2vaM_aRHv4, The tins are added to an oven to cook.,"[120.54, 130.29]"
6,177.26,v_a2vaM_aRHv4, The tins are shown fully cooked and then flipped over to empty cake onto table.,"[123.2, 132.06]"
7,177.26,v_a2vaM_aRHv4, The parchment paper is peeled off the cake.,"[139.15, 144.47]"
8,177.26,v_a2vaM_aRHv4, The cake is sliced into loaves with a serrated knife.,"[150.67, 160.42]"
9,177.26,v_a2vaM_aRHv4, The cake is seen on plates for serving.,"[165.74, 170.17]"
0,17.04,v_XnctHnlJB4g,A man in red stands on a stage.,"[0, 17.04]"
1,17.04,v_XnctHnlJB4g, He lifts a barbell over his head.,"[5.03, 15.25]"
2,17.04,v_XnctHnlJB4g, He drops the barbell on the ground.,"[14.83, 15.94]"
3,17.04,v_XnctHnlJB4g, Several people cheer him on.,"[16.53, 17.04]"
0,234.52,v_5DhbyYavYp4,There is a garden with many trees and shrubs.,"[12.9, 35.18]"
1,234.52,v_5DhbyYavYp4, There is a man using a hedging and trimming equipment trimming the bushes.,"[35.18, 48.08]"
2,234.52,v_5DhbyYavYp4, Another man is giving instructions on lawn and garden care.,"[48.08, 87.95]"
3,234.52,v_5DhbyYavYp4, The man climbs up a tall ladder to trim the trees and bushes several times.,"[87.95, 107.88]"
4,234.52,v_5DhbyYavYp4, He goes around the entire side to trim the hedges.,"[107.88, 120.78]"
5,234.52,v_5DhbyYavYp4," The instructor continues talking about the gardening process, The man trims the hedges that form a barrier near a house.","[120.78, 143.06]"
6,234.52,v_5DhbyYavYp4, The instructor explains the process again to the viewers.,"[143.06, 170.03]"
7,234.52,v_5DhbyYavYp4, The scene changes to a strange looking statue in a busy city and ends with a thank you for watching message.,"[170.03, 175.89]"
0,118.53999999999999,v_uHmoFLB-PLc,A boy holds a guitar in a room.,"[0, 118.54]"
1,118.53999999999999,v_uHmoFLB-PLc, He is sitting on a bed.,"[5.33, 118.54]"
2,118.53999999999999,v_uHmoFLB-PLc, He begins to play the guitar.,"[10.67, 118.54]"
3,118.53999999999999,v_uHmoFLB-PLc, Eventually he finishes the song.,"[101.94, 118.54]"
0,130.17,v_WMdeqUyHWSo,A large group of people are standing together while a women in a beautiful dress speaks.,"[0, 9.11]"
1,130.17,v_WMdeqUyHWSo, Various people in costume are shown and a girl runs around playing with a kite.,"[9.76, 25.38]"
2,130.17,v_WMdeqUyHWSo, Several kites are shown up in the air while other children play with them.,"[22.13, 52.07]"
3,130.17,v_WMdeqUyHWSo, Hundreds of kites are shown in the air for a festival and a man interviews his experience with the kites.,"[16.27, 113.25]"
4,130.17,v_WMdeqUyHWSo, Several people stop and look around and the city pans over the night.,"[96.98, 123.01]"
0,217.54,v_gWyBBQtsDhc,A woman with long hair is seen speaking to the camera while moving her arms around and smiling while she speaks.,"[0, 84.84]"
1,217.54,v_gWyBBQtsDhc, She then begins brushing her long hair out and smiling back at the camera and waving.,"[81.58, 217.54]"
0,155.64,v_5iQsKA84vWo,There two women boxers competing in kickboxing against each other in a boxing event.,"[7.78, 20.23]"
1,155.64,v_5iQsKA84vWo, The referee is standing next to them.,"[20.23, 30.35]"
2,155.64,v_5iQsKA84vWo, There are several spectators watching the boxers compete.,"[30.35, 38.91]"
3,155.64,v_5iQsKA84vWo," After the referee gives a go, the contestants begin the match.","[38.91, 50.58]"
4,155.64,v_5iQsKA84vWo, The crowd cheers for them as they compete.,"[50.58, 65.37]"
5,155.64,v_5iQsKA84vWo, The boxer in the black uniform punches the boxer in red and makes her fall down.,"[65.37, 84.05]"
6,155.64,v_5iQsKA84vWo, The boxer in red kicks her opponent.,"[84.05, 99.61]"
7,155.64,v_5iQsKA84vWo, The boxer in black strikes back at her opponent and the boxer in red punches her face.,"[99.61, 112.84]"
8,155.64,v_5iQsKA84vWo, The referee declares the boxer in black as the winner and crowd applauds her victory.,"[112.84, 116.73]"
0,132.89,v_G9ZEi6eRhi0,There are about five to six young boys bouncing and jumping in an enclosed bouncy house with basketballs in their hands.,"[35.88, 95.01]"
1,132.89,v_G9ZEi6eRhi0, The coach is guiding them by blowing the whistle as the children continue to bounce and jump.,"[95.01, 126.24]"
2,132.89,v_G9ZEi6eRhi0, They take turns to throw the orange balls as instructed by their coach.,"[126.24, 132.89]"
0,24.78,v_lpeyMIH1YqA,A man is sitting on a revolving chair with his one leg folded over the other.,"[8.55, 15.49]"
1,24.78,v_lpeyMIH1YqA, Another man takes a cloth and begins cleaning his black leather shoes with a cloth to make it shiny.,"[15.49, 22.92]"
2,24.78,v_lpeyMIH1YqA, He cleans the shoe with a back and forth motion.,"[22.92, 24.78]"
0,88.42,v_zp86ztwZEKk,A talking man dressed in athletic gear is standing on a very green field and the words on the bottom left say his name is Neil Macmillan and his title is Head Coach.,"[0, 13.26]"
1,88.42,v_zp86ztwZEKk,"A large group of girls dressed in athletic gear are shown playing land hockey, and the people not playing are dressed for cold weather.","[13.26, 19.45]"
2,88.42,v_zp86ztwZEKk, Clips of the man continue to play and rotate from showing the man and the girls playing land hockey until they are done playing.,"[13.26, 88.42]"
0,82.48,v_br8Ao_UBEZA,Two men enter the racquetball room.,"[0, 8.66]"
1,82.48,v_br8Ao_UBEZA," The two men start playing racquetball, running around the room trying to hit the ball.","[12.78, 71.76]"
2,82.48,v_br8Ao_UBEZA, A man leaved the room and looks into the camera.,"[75.05, 78.35]"
0,209.63,v_buhaBimF4M0,"A woman on roller blades moves backwards, falls on the grass and laughs.","[0, 12.58]"
1,209.63,v_buhaBimF4M0, A friend is talking with the fallen woman as she tries to get up.,"[9.43, 20.96]"
2,209.63,v_buhaBimF4M0, A friend talks to her while holding the camera and offers her a hand to get up.,"[15.72, 29.35]"
3,209.63,v_buhaBimF4M0," Two women hold hand and start rollerblading, while the girl in the red shirt learns how.","[35.64, 199.15]"
4,209.63,v_buhaBimF4M0, The girl in the red shirt falls and they all laugh.,"[201.24, 209.63]"
0,180.43,v_LcmTBkWvV74,A close up a girl smiling and pointing to her face is shown followed by a pair of pliers piercing her inner lip.,"[0, 36.99]"
1,180.43,v_LcmTBkWvV74, The piercer pushes the scissor through her lip while she holds it up and presents the piercing in the end.,"[34.28, 180.43]"
0,27.7,v_fhtNAMK0Vqk,"A man wearing a cowboy hat, sunglasses and yellow latex gloves is standing next to a horse in a stable.","[2.91, 6.93]"
1,27.7,v_fhtNAMK0Vqk, He is using a blow dryer to dry the horse's wet body.,"[6.93, 13.99]"
2,27.7,v_fhtNAMK0Vqk, He moves the blow dryer back and forth all over the horse's back to dry it.,"[13.99, 26.18]"
3,27.7,v_fhtNAMK0Vqk, He is also uses a scrubbing brush on the horse's back to clean the horse.,"[26.18, 27.7]"
0,213.11,v_KaGGtAhiH64,A group of young men are seated at tables at a rubiks cube competition.,"[3.2, 213.11]"
1,213.11,v_KaGGtAhiH64, An official removes a slip of paper from a rubiks cube sitting in front of a young man at the end of a table after which the competitor solves the cube and celebrates by banging his hands on the table.,"[3.2, 45.82]"
2,213.11,v_KaGGtAhiH64, An official lifts a cup to reveal a rubiks cube that the same man then solves.,"[47.95, 88.44]"
3,213.11,v_KaGGtAhiH64, A young man wearing a beige shirt solves a cube and presses his hands to his face before standing up.,"[58.61, 82.05]"
4,213.11,v_KaGGtAhiH64, An official removes a piece of paper from on top of a cube as the young man in the black sweatshirt solves another cube.,"[89.51, 127.87]"
5,213.11,v_KaGGtAhiH64, The young man solves two more cubes in front of an official before moving to get up.,"[128.93, 209.92]"
0,115.64,v_0bosp4-pyTM,A man is holding a pocket knife while sitting on some rocks in the wilderness.,"[0, 28.91]"
1,115.64,v_0bosp4-pyTM, Then he takes a small stone from the flowing river and smashes it on another stone.,"[28.91, 41.63]"
2,115.64,v_0bosp4-pyTM, He starts to crush the small stone to smaller pieces.,"[41.63, 61.29]"
3,115.64,v_0bosp4-pyTM, He grind it hard to make the pieces smaller.,"[61.29, 60.71]"
4,115.64,v_0bosp4-pyTM, Then he takes a piece of bark and rubs the powered stone pieces onto it.,"[60.71, 70.54]"
5,115.64,v_0bosp4-pyTM, The stone particles stick to the wet piece of wood.,"[70.54, 76.9]"
6,115.64,v_0bosp4-pyTM, He then takes the knife and sharpens it against the wood piece.,"[76.9, 85.57]"
7,115.64,v_0bosp4-pyTM, He then notices a little black and green poisonous frog sitting next to him.,"[85.57, 94.24]"
8,115.64,v_0bosp4-pyTM, The frog then escapes and jumps away.,"[94.24, 114.48]"
9,115.64,v_0bosp4-pyTM, He explains how the frog secretes a poisonous fluid that can be extremely harmful.,"[114.48, 115.64]"
0,91.67,v_IgEc5mY9L44,A foreman wear blue colored gloves before he begins welding metal.,"[8.25, 50.88]"
1,91.67,v_IgEc5mY9L44, He continues welding the metal with his torch and protective gear on.,"[50.88, 85.26]"
2,91.67,v_IgEc5mY9L44, He welds the metal for a very long time.,"[85.26, 89.38]"
3,91.67,v_IgEc5mY9L44, Then switches off the welding torch and puts the equipment away.,"[89.38, 90.3]"
0,124.18,v_amCD-2TIKw0,A woman is playing music on a stereo in a busy city.,"[9.93, 15.52]"
1,124.18,v_amCD-2TIKw0, Another woman is standing on the sidewalk with headphones.,"[15.52, 19.87]"
2,124.18,v_amCD-2TIKw0, They both smile at each other as they groove to the music.,"[19.87, 24.22]"
3,124.18,v_amCD-2TIKw0, The woman picks up the stereo and starts walking.,"[24.22, 29.18]"
4,124.18,v_amCD-2TIKw0, The other woman follows her on the same sidewalk.,"[29.18, 31.05]"
5,124.18,v_amCD-2TIKw0, They walk together holding the stereo.,"[31.05, 35.39]"
6,124.18,v_amCD-2TIKw0, A man in a red shirt starts dancing next to a car with another woman.,"[35.39, 42.84]"
7,124.18,v_amCD-2TIKw0, They join the woman walking with the stereo in her hand.,"[42.84, 57.74]"
8,124.18,v_amCD-2TIKw0, Several other people join them as they walk and dance to the music.,"[57.74, 120.46]"
9,124.18,v_amCD-2TIKw0, All the people break into a synchronized dance right on the street.,"[120.46, 124.18]"
0,36.85,v_0MtST08F2Xc,A person in blue pants is raking some fallen leaves from the ground.,"[3.87, 7.37]"
1,36.85,v_0MtST08F2Xc, There is a black dog and a white dog jumping around the person raking the leaves.,"[7.37, 12.9]"
2,36.85,v_0MtST08F2Xc, The white dog is trying to bite off the rake.,"[12.9, 17.88]"
3,36.85,v_0MtST08F2Xc," Both the dogs are playing around the man raking the leaves, trying to bite the rake.","[17.88, 27.28]"
4,36.85,v_0MtST08F2Xc, The person is moving the rake in circles as the dogs are jumping around him.,"[27.28, 27.65]"
0,175.56,v_WUOiJOqrHlI,A shot of the movie Forest Gump is shown with the man playing ping pong in several shots and him laughing in the end.,"[0, 60.57]"
1,175.56,v_WUOiJOqrHlI, More clips are shown of the actors playing with one another and a man showing the footage on a computer while speaking to the camera.,"[43.01, 136.93]"
2,175.56,v_WUOiJOqrHlI, Tom Hanks is interviewed several times about the event and then sits down in the end while playing.,"[129.91, 175.56]"
0,77.83,v_V90aT-d_FKo,A woman is bathing two white colored puppies in an orange tub filled with water.,"[19.85, 53.32]"
1,77.83,v_V90aT-d_FKo," She is joined by a man wearing a wrist watch, who helps the woman bathe the two puppies.","[53.32, 60.71]"
2,77.83,v_V90aT-d_FKo, One of the puppies tries to step out of the tub and the man holds him and puts him back in.,"[60.71, 75.89]"
3,77.83,v_V90aT-d_FKo, The woman continues washing the puppies.,"[75.89, 77.06]"
0,93.14,v_I4wkBjpwAAU,Two army men in the their uniforms are tied together and pulling each other in opposite direction as part of their training.,"[16.3, 61]"
1,93.14,v_I4wkBjpwAAU, There is a crowd of army officers watching them cheering for them as they do the strength training exercise.,"[61, 83.82]"
2,93.14,v_I4wkBjpwAAU, The game is over after one of the army officer's drags the other officer on the ground and wins the game.,"[83.82, 88.94]"
0,184.58,v_M9uQCTr2-r0,Young boys are shown playing ping pong with one another in a large gymnasium serving one after the other.,"[0, 40.61]"
1,184.58,v_M9uQCTr2-r0," Another boy walks up to the table and starts playing with the other boys, which then turns into a two versus two game of Ping Pong.","[40.61, 71.06]"
2,184.58,v_M9uQCTr2-r0, The boys take turns serving back and forth scoring points at random.,"[71.06, 107.98]"
3,184.58,v_M9uQCTr2-r0, The boy that was first shown is playing a third game now that is being kept score of by an official and scores the first 4 points.,"[107.98, 124.59]"
4,184.58,v_M9uQCTr2-r0, The boy is playing yet another tournament with a different child in Ping Pong and seems to possibly be falling behind a little in points.,"[124.59, 184.58]"
0,150.09,v_Jifw8dC5yTM,A young man in blue t-shirt walks through small dance studio room.,"[0, 9.76]"
1,150.09,v_Jifw8dC5yTM, The young man sets his stereo down on a chair.,"[11.26, 13.51]"
2,150.09,v_Jifw8dC5yTM, The man young man warms up and does a one handed handstand.,"[13.51, 27.77]"
3,150.09,v_Jifw8dC5yTM, The man does a break dance routine doing hand stands and spins.,"[27.77, 139.59]"
4,150.09,v_Jifw8dC5yTM, End credits are shown with names written in cursive.,"[139.59, 150.09]"
0,45.4,v_5o9iv0wC59g,A man wearing a dark blue shirt and sporting a braid begins playing the bongos.,"[5.22, 21.79]"
1,45.4,v_5o9iv0wC59g, He begins drumming on the bongos to a beat as he shakes his head rhythmically.,"[21.79, 25.65]"
2,45.4,v_5o9iv0wC59g, He continues drumming on the bongos alternating between the two drums.,"[25.65, 32.91]"
3,45.4,v_5o9iv0wC59g, He plays for some time and then stops drumming on the bongos.,"[32.91, 34.05]"
0,17.03,v_4S5ethZhgqs,A big green garbage can is pushed up against a brick wall and a reindeer jumps out drinking from a coffee cup.,"[0, 8.26]"
1,17.03,v_4S5ethZhgqs,The reindeer continues to drink out of the coffee cup and eventually falls out of over the garbage can.,"[7.07, 17.03]"
0,155.16,v_Ci9WKE6wkOQ,A man and woman are talking to a camera on exercises.,"[10.86, 33.36]"
1,155.16,v_Ci9WKE6wkOQ, The girl talks about equipment and how to use it.,"[34.91, 81.46]"
2,155.16,v_Ci9WKE6wkOQ, She prepares the equipment and helps the man perform the exercise.,"[82.23, 142.74]"
0,93.69,v_IlD4gfHmWIg,A gymnast wearing a magenta leotard is performing on the horse bar.,"[5.15, 11.71]"
1,93.69,v_IlD4gfHmWIg, There is a panel of judges sitting across from her and evaluating her.,"[11.71, 43.1]"
2,93.69,v_IlD4gfHmWIg, She stands up straight on the bar and does a twist and pummel.,"[43.1, 66.52]"
3,93.69,v_IlD4gfHmWIg, She continues to successfully do front flips on the horse bar.,"[66.52, 85.26]"
4,93.69,v_IlD4gfHmWIg, She completes her round after she jumps off of the horse bar doing a back flip.,"[85.26, 90.41]"
5,93.69,v_IlD4gfHmWIg, Then the gymnast walks away from the performing area.,"[90.41, 92.29]"
0,176.36,v_Z4OyG8ZzUpg,Two boys are out in the yard playing ball.,"[0, 40.56]"
1,176.36,v_Z4OyG8ZzUpg, One stands in front of the net and passes to the other with lacrosse sticks.,"[8.82, 40.56]"
2,176.36,v_Z4OyG8ZzUpg, The boys continue passing the ball bath and fourth to each other.,"[7.05, 45.85]"
3,176.36,v_Z4OyG8ZzUpg, One boy throws the ball out into the road while the other runs after it.,"[29.98, 37.03]"
4,176.36,v_Z4OyG8ZzUpg, Another boy comes in with a wig and the boys start wrestling each other.,"[43.21, 84.65]"
5,176.36,v_Z4OyG8ZzUpg, The boys then pretend the beat the boy with the wig up.,"[84.65, 125.21]"
6,176.36,v_Z4OyG8ZzUpg, The boys all continue wrestling each other while grabbing the objects and running away.,"[126.98, 175.47]"
0,226.88,v_F_EHrfbYsRE,A graphic with some keywords forming the number '2' is shown.,"[0, 6.81]"
1,226.88,v_F_EHrfbYsRE, The scene switches to a black screen with some text about an upcoming marathon.,"[6.81, 11.34]"
2,226.88,v_F_EHrfbYsRE," A man is shown jogging through a city on some sidewalks, a bridge, some paths in a park, etc, with a counter on the side showing his progress in kilometers as he goes.","[11.34, 226.88]"
0,142.04,v_1FMjfLRpXwM,The lady in black is doing a hairstyle tutorial and demonstrating on another woman who is seated next to her.,"[10.65, 19.89]"
1,142.04,v_1FMjfLRpXwM, She shows the hairspray that she has used on the model.,"[19.89, 27.7]"
2,142.04,v_1FMjfLRpXwM, She uses the hairspray on the model's hair and sprays it.,"[27.7, 33.38]"
3,142.04,v_1FMjfLRpXwM, She then takes a pair of scissors and cuts the rubber band off and spray her hair again.,"[33.38, 46.87]"
4,142.04,v_1FMjfLRpXwM, She pulls her braid apart and rubs her fingers over it.,"[46.87, 55.39]"
5,142.04,v_1FMjfLRpXwM, She then twists the braid and pins it up on the model's head.,"[55.39, 68.18]"
6,142.04,v_1FMjfLRpXwM, She twists it again and tightens it up and secures it with a pin again.,"[68.18, 78.83]"
7,142.04,v_1FMjfLRpXwM, She also makes a bun out of the braid to complete the hairstyle.,"[78.83, 105.11]"
8,142.04,v_1FMjfLRpXwM, She shows the hairspray bottle again that she has used on the model.,"[105.11, 106.53]"
0,144.01,v_yxSBQXuOwuc,A logo is shown with water drop sounds playing in the background.,"[0, 10.8]"
1,144.01,v_yxSBQXuOwuc, A man is then shown wearing scubba gear and giving various hand signals to the camera.,"[14.4, 33.12]"
2,144.01,v_yxSBQXuOwuc, The water sounds still play and the man shows you various moves and what they mean under water.,"[14.4, 127.45]"
3,144.01,v_yxSBQXuOwuc, The logo then reappears on the screen and the video ends.,"[127.45, 144.01]"
0,205.36,v_C0F-xroK_Eg,A man is talking about making a spicy pasta dish.,"[0, 205.36]"
1,205.36,v_C0F-xroK_Eg, The man takes sausage and cooks it in a pan.,"[19.51, 36.96]"
2,205.36,v_C0F-xroK_Eg, Parsley is added to the sausage.,"[50.31, 56.47]"
3,205.36,v_C0F-xroK_Eg, White wine is added to the mixture.,"[68.79, 82.14]"
4,205.36,v_C0F-xroK_Eg, Heavy cream is added to the meat along with a jar of marinara sauce.,"[87.28, 105.76]"
5,205.36,v_C0F-xroK_Eg, Water is shown boiling in the pot.,"[124.24, 130.4]"
6,205.36,v_C0F-xroK_Eg, Pasta and sauce are mixed together in the pot.,"[131.43, 149.91]"
7,205.36,v_C0F-xroK_Eg, The final pasta is added to a bowl and Parmesan cheese is added.,"[151.96, 205.36]"
0,68.85,v_adz3kDJLCF4,A woman is using a pink brush to brush her teeth.,"[0, 2.41]"
1,68.85,v_adz3kDJLCF4, She is brushing very fast and vigorously.,"[0, 9.98]"
2,68.85,v_adz3kDJLCF4, She is brushing her upper and lower teeth.,"[0, 12.05]"
3,68.85,v_adz3kDJLCF4, She sticks her tongue out to clean the toothpaste.,"[0, 13.43]"
4,68.85,v_adz3kDJLCF4, She checks her teeth to see if they're clean enough.,"[0, 15.15]"
5,68.85,v_adz3kDJLCF4," While she continues brushing, she opens her mouth.","[0, 24.79]"
6,68.85,v_adz3kDJLCF4, Some of the toothpaste falls down.,"[0, 32.7]"
7,68.85,v_adz3kDJLCF4, She starts brushing her tongue thoroughly.,"[0, 40.28]"
8,68.85,v_adz3kDJLCF4, Then she continues brushing her upper and lower teeth again.,"[0, 44.75]"
9,68.85,v_adz3kDJLCF4, She then sticks her tongue out and scrapes it against her teeth.,"[0, 47.85]"
10,68.85,v_adz3kDJLCF4, She spits out some toothpaste.,"[0, 53.36]"
11,68.85,v_adz3kDJLCF4, Some of the toothpaste falls on her chin making it look like a white beard.,"[0, 54.73]"
12,68.85,v_adz3kDJLCF4," She pretends to be Santa Claus and says, ho, ho, Merry Christmas.","[0, 64.37]"
13,68.85,v_adz3kDJLCF4, Then she laughs as she shows her teeth with a wide smile.,"[0, 68.85]"
0,229.5,v_ZEgmWaMa9PU,Several shots of landscapes are shown that pan back from people standing on a bridge.,"[3.44, 61.97]"
1,229.5,v_ZEgmWaMa9PU, Shots are shown of people jumping off the side of the bridge while the camera captures more landscapes.,"[51.64, 190.49]"
2,229.5,v_ZEgmWaMa9PU, Several more people are seen lined up watching that lead into more people jumping off the side.,"[158.36, 227.21]"
0,63.58,v_1BfYAuxv6Wk,Maria is demonstrating how to make a Nyquil cocktail drink.,"[4.77, 10.81]"
1,63.58,v_1BfYAuxv6Wk, She shows the ingredients required for the drink.,"[10.81, 16.85]"
2,63.58,v_1BfYAuxv6Wk," She points to vodka, jagermeister and food coloring.","[16.85, 22.89]"
3,63.58,v_1BfYAuxv6Wk, She then takes a shaker and pours and vodka and the jagermeister.,"[22.89, 31.79]"
4,63.58,v_1BfYAuxv6Wk, Then adds some ice in it and shakes it.,"[31.79, 45.46]"
5,63.58,v_1BfYAuxv6Wk, She uses a strainer to strain the drink into a cocktail glass and places the glass on the table.,"[45.46, 47.68]"
0,77.18,v_kcB7HQPxzDM,"Lithuanian Zinaida Sendriute throws the discus 64 meters to lead out for her third throw, waving to the camera as she walks off.","[1.93, 19.68]"
1,77.18,v_kcB7HQPxzDM, Cuban Yarelis Barrios is next and unleashes a mighty 67 meter toss with a thunderous scream.,"[21.61, 39.75]"
2,77.18,v_kcB7HQPxzDM, Croatian Sandra Perkovic out distances both of the previous throwers with a 69 meter toss to claim the lead.,"[41.29, 68.69]"
0,115.03,v_Iuk7PNmG3tQ,Several players from the black and white team are playing ice hockey in the arena.,"[6.33, 12.08]"
1,115.03,v_Iuk7PNmG3tQ, One of the players from the black team hits the puck away from his opponent.,"[12.08, 18.98]"
2,115.03,v_Iuk7PNmG3tQ, The players from the white team try to prevent him from hitting a goal.,"[18.98, 33.36]"
3,115.03,v_Iuk7PNmG3tQ, An animated version of the game is shown on screen.,"[33.36, 44.86]"
4,115.03,v_Iuk7PNmG3tQ, Then the focus is back on the real game where a black team player is highlighted as he takes a shot on the goal.,"[44.86, 77.65]"
5,115.03,v_Iuk7PNmG3tQ," Again, another animated example is shown to explain how the game works.","[77.65, 81.1]"
6,115.03,v_Iuk7PNmG3tQ, The black team player hits the puck on the opposite corner of the ice.,"[81.1, 83.97]"
7,115.03,v_Iuk7PNmG3tQ," As the black moves fast and towards the goal, it cause the goalie to fall down.","[83.97, 85.7]"
8,115.03,v_Iuk7PNmG3tQ, The black team wins the goal and gets the victory in the game.,"[85.7, 86.27]"
0,170.6,v_f0hh9bwVfV0,Some text appears on screen asking a question about a topic in SCUBA diving safety.,"[0, 6.82]"
1,170.6,v_f0hh9bwVfV0, The scene changes to show a lot of SCUBA air tanks and some more text explaining more about the question.,"[6.82, 34.97]"
2,170.6,v_f0hh9bwVfV0, A man is SCUBA diving underwater while holding his air tank in his hands and the text continues to explain.,"[34.97, 93.83]"
3,170.6,v_f0hh9bwVfV0, The air tank is seen floating on it's own on the sea bed.,"[93.83, 103.21]"
4,170.6,v_f0hh9bwVfV0, Another man is SCUBA diving and he lets go of his tank to demonstrate the buoyancy.,"[103.21, 121.98]"
5,170.6,v_f0hh9bwVfV0, The scene switches back to the group of air tanks with more text explaining.,"[121.98, 139.89]"
6,170.6,v_f0hh9bwVfV0, Another scene is shown with 2 tanks and a bag next to some trees.,"[139.89, 170.6]"
0,61.09,v_JnYteBN2LDI,A male bartender stands behind a bar in front of drinks and mixing cups.,"[0, 5.19]"
1,61.09,v_JnYteBN2LDI, The man picks up a steel sup and pours its contents of ice into a glass he holds in opposite hand.,"[5.8, 10.39]"
2,61.09,v_JnYteBN2LDI, The man then picks up a small steel shot glass and fills it with liquir.,"[10.39, 18.63]"
3,61.09,v_JnYteBN2LDI, The man then pours the liquir into from the shot glass into the glass cup with ice.,"[18.33, 24.74]"
4,61.09,v_JnYteBN2LDI, The man picks up another glass with red juice inside and pours it into the glass with ice before setting back down.,"[18.02, 24.74]"
5,61.09,v_JnYteBN2LDI, The man pours the cup with all the liquids into a mixing cup then uses it to cap and shake the mixer.,"[24.44, 35.43]"
6,61.09,v_JnYteBN2LDI," The man stops shaking and sepperates the two cups, setting them back on the counter.","[35.43, 38.18]"
7,61.09,v_JnYteBN2LDI, The man grabs a third empty glass and moves it to the opposite side of the counter.,"[37.88, 40.93]"
8,61.09,v_JnYteBN2LDI, The man picks up the mixer and pours its contents into the empty glass before setting it back down.,"[40.02, 47.35]"
9,61.09,v_JnYteBN2LDI, The man then adds a staw and miniature umbrella into the drink for decoration before holding up the glass.,"[48.26, 61.09]"
0,92.44,v_VCldTcZi0aE,There are several people gathered in an outdoor gymnasium.,"[12.02, 30.04]"
1,92.44,v_VCldTcZi0aE, There are people standing and seated in the bleachers watching about twelve band students performing.,"[30.04, 67.94]"
2,92.44,v_VCldTcZi0aE, Most of the players are drumming on the percussion instruments in a rhythmic tune.,"[67.94, 88.74]"
3,92.44,v_VCldTcZi0aE, The percussion players begin going round in a circle as they play the instruments.,"[88.74, 91.51]"
0,69.68,v_K8G5CBJtluY,A young man lying prone on a tiled floor with this hands behind his head and his knees bent attempts to perform a sit-up in front of a few friends.,"[0, 62.02]"
1,69.68,v_K8G5CBJtluY," As he brings his elbows towards his knees, a loud crack can be heard as the man laughs, ""That hurt my ass.","[1.74, 8.36]"
2,69.68,v_K8G5CBJtluY,""" He attempts a second sit-up and with another cracking sound, exclaims and grabs his buttocks.","[10.8, 17.77]"
3,69.68,v_K8G5CBJtluY," The man says, ""one more"" and attempts another time, after which he says, ""that felt horrible.","[22.65, 28.22]"
4,69.68,v_K8G5CBJtluY,""" The man struggles through nine more attempts before giving up to the amusement of his friends.","[31.71, 69.68]"
0,218.27,v_srXhWAGzd-s,A person is shown cleaning off the outside of a car.,"[5.46, 25.1]"
1,218.27,v_srXhWAGzd-s, The car is then driven inside of a shop.,"[89.49, 105.86]"
2,218.27,v_srXhWAGzd-s, Inside a man starts detailing the car once again and cleaning off the outside.,"[106.95, 175.71]"
3,218.27,v_srXhWAGzd-s, He spray paints parts of the car.,"[137.51, 156.06]"
4,218.27,v_srXhWAGzd-s, He sprays cleaner on the inside and outside of the car.,"[127.69, 210.63]"
5,218.27,v_srXhWAGzd-s, He wipes down all surfaces from inside and outside the car.,"[181.16, 210.63]"
0,164.1,v_b5GrYqt5tRQ,A group of men are holding maracas in the their hands and playing to some Reggae music.,"[7.38, 20.51]"
1,164.1,v_b5GrYqt5tRQ, One of the men begins singing in the microphone.,"[20.51, 47.59]"
2,164.1,v_b5GrYqt5tRQ, The rest of the men join him in singing the chorus.,"[47.59, 71.38]"
3,164.1,v_b5GrYqt5tRQ, They play the maracas as they sing the song.,"[71.38, 112.41]"
4,164.1,v_b5GrYqt5tRQ, The men also dance as they sing and play the maracas The lead singer sings solo for some time while the others play their maracas.,"[112.41, 163.28]"
5,164.1,v_b5GrYqt5tRQ, Then all the men join him in singing the song while playing their maracas.,"[163.28, 164.1]"
0,40.59,v_jCVi9xt3GUY,A woman is washing dishes with soap and a scrub in her kitchen sink.,"[10.55, 24.15]"
1,40.59,v_jCVi9xt3GUY, She takes the scrub that is soaked in liquid soap and scrubs it on the bowl to thoroughly clean it.,"[24.15, 35.72]"
2,40.59,v_jCVi9xt3GUY, She places the plates and bowls on top of each other in the sink as she washes them.,"[35.72, 37.95]"
0,66.6,v_CHkT4As5jZI,A bartender talks about how to make a proper cocktail.,"[5.66, 18.65]"
1,66.6,v_CHkT4As5jZI, He grabs a glass and puts ice in the glass.,"[17.98, 27.64]"
2,66.6,v_CHkT4As5jZI, He then mixes vodka and soda together in the glass.,"[27.64, 45.62]"
3,66.6,v_CHkT4As5jZI, He grabs a lemon and puts it in the glass to finish.,"[45.95, 56.27]"
0,70.61,v_jgNeMnPVfkQ,A player on the orange team skates with the puck until he is tripped up and falls.,"[0, 9.18]"
1,70.61,v_jgNeMnPVfkQ, Player 18 on the grey team retrieves the puck and makes a break down the ice perused by defenders.,"[5.3, 16.95]"
2,70.61,v_jgNeMnPVfkQ, Player 18 takes a shot on the goal.,"[15.89, 16.95]"
3,70.61,v_jgNeMnPVfkQ, The goalie on the orange team blocks the shot and puts the puck back into play.,"[16.95, 23.3]"
4,70.61,v_jgNeMnPVfkQ, Player 4 on the orange team takes the puck down the ice passing once to himself passed defenders.,"[22.6, 42.72]"
5,70.61,v_jgNeMnPVfkQ, Player 4 takes a shot on the goal and scores.,"[43.07, 43.78]"
6,70.61,v_jgNeMnPVfkQ, Player 4 and teammates celebrate and the win and skate off the ice.,"[43.43, 67.08]"
0,91.58,v_tQT-iQIv-KY,"A group of coaches, gymnasts and parents stand and sit around a gym while a few of the gymnasts perform or practice.","[0, 91.58]"
1,91.58,v_tQT-iQIv-KY, A young girl in purple does a balance beam routine.,"[8.7, 86.08]"
2,91.58,v_tQT-iQIv-KY, A girl in the back ground does a floor routine.,"[14.19, 62.73]"
3,91.58,v_tQT-iQIv-KY, When the floor routine ends the crowd all claps and several young gymnasts get up and walk around.,"[62.73, 87.46]"
4,91.58,v_tQT-iQIv-KY, A woman hold up a sign that says 965.,"[64.56, 71.43]"
5,91.58,v_tQT-iQIv-KY, The girl on the balance beam ends her routine and walks over and hugs a woman in purple.,"[84.71, 91.58]"
0,135.35,v_MbCAiWBhAjo,Lemons are thrown onto a counter and glasses of lemon-aid appear with ice in mason jars on the counter as well.,"[0, 9.47]"
1,135.35,v_MbCAiWBhAjo, Lemons are then rolled around against the counter back and forth evenly with the palm of a hand using firm pressure.,"[9.47, 26.39]"
2,135.35,v_MbCAiWBhAjo, The lemons are scraped back and forth against a metal food grater to get the zest off of them leaving the skin of the lemon in a bowl.,"[26.39, 39.93]"
3,135.35,v_MbCAiWBhAjo," Water is added into a saucepan along with sugar, and then the lemon zest that was extracted with the metal shredder is added to the water as well.","[39.93, 64.97]"
4,135.35,v_MbCAiWBhAjo, The lemons are cut and juiced over a glass bowl and then the juice is poured through a strainer along with the sugar water with zest that was previously mixed in the saucepan.,"[64.97, 92.04]"
5,135.35,v_MbCAiWBhAjo, The mixture is stirred with added water and ice is then added.,"[92.04, 135.35]"
0,235.34,v_ybcStSlBGPc,A lighted jack-o-lantern comes into focus.,"[0, 4.71]"
1,235.34,v_ybcStSlBGPc, The jack-o-lantern moves towards the camera.,"[4.71, 7.06]"
2,235.34,v_ybcStSlBGPc, A young woman is talking very animatedly in front of a white wall.,"[7.06, 24.71]"
3,235.34,v_ybcStSlBGPc, The woman holds a small pumpkin in her hand while talking.,"[24.71, 35.3]"
4,235.34,v_ybcStSlBGPc, The woman holds up a piece of paper with some stickers on it.,"[35.3, 42.36]"
5,235.34,v_ybcStSlBGPc, The pumpkin is seen moving on it's own on a table with a black tablecloth.,"[42.36, 48.24]"
6,235.34,v_ybcStSlBGPc, The pumpkin spins around showing some cartoon faces.,"[48.24, 49.42]"
7,235.34,v_ybcStSlBGPc, An animation of a knife stabs the pumpkin and a cat runs back and forth next to the table.,"[49.42, 55.3]"
8,235.34,v_ybcStSlBGPc," The pumpkin is replaced with other objects one at a time, a knife, a spoon, a candle, etc.","[55.3, 62.36]"
9,235.34,v_ybcStSlBGPc, The woman is wearing a sticker of a mustache on her face and draws on the small pumpkin with a black felt pen.,"[62.36, 76.48]"
10,235.34,v_ybcStSlBGPc, The woman holds a knife and begins carving the pumpkin along the lines she drew.,"[76.48, 91.78]"
11,235.34,v_ybcStSlBGPc, The woman scoops out the pumpkin seeds with a spoon and puts the seeds in a Halloween themed paper cup.,"[91.78, 108.25]"
12,235.34,v_ybcStSlBGPc, The woman continues carving the face of the pumpkin to turn it into a jack-o-lantern.,"[108.25, 142.38]"
13,235.34,v_ybcStSlBGPc, The woman cleans up the face of the jack-o-lantern with a towel and places the top with the stem back on.,"[142.38, 152.97]"
14,235.34,v_ybcStSlBGPc, The woman places the candle inside the jack-o-lantern.,"[152.97, 174.15]"
15,235.34,v_ybcStSlBGPc, The woman flicks on a disposable lighter.,"[174.15, 175.32]"
16,235.34,v_ybcStSlBGPc, The lighted jack-o-lantern is seen once again moving on it's own on the black table.,"[175.32, 182.38]"
17,235.34,v_ybcStSlBGPc," The video ends and shows a split screen with samples from three other videos the woman has made, with a ""Subscribe"" button in the middle.","[182.38, 235.34]"
0,52.39,v_zDBpa2miW8A,An intro starts entitled how to cut the grass.,"[0, 3.93]"
1,52.39,v_zDBpa2miW8A, A man walks out wearing funny attire and showing off to the camera with a lawn mower.,"[4.19, 18.86]"
2,52.39,v_zDBpa2miW8A, The man then walks around and blows the leaves off still wearing the funny outfit.,"[21.74, 45.57]"
0,122.82,v_3HUvtWSu4mA,A person's hands are seen clipping the nails of a cat while the cat struggles a bit.,"[0, 54.04]"
1,122.82,v_3HUvtWSu4mA, More shots of her clipping the cat are shown and at one point he moves and she grabs him by the neck.,"[37.46, 121.6]"
0,89.72,v_xywGFiZ0hqs,In introduction with show title and website is seen.,"[0, 20.19]"
1,89.72,v_xywGFiZ0hqs, A woman stands in bathroom and then places a contact lens into her eye.,"[20.19, 51.59]"
2,89.72,v_xywGFiZ0hqs, The woman then takes the contact lens back out of her eye.,"[54.28, 69.98]"
3,89.72,v_xywGFiZ0hqs, The woman shows a pair of tweezers and uses them to take the contact out of her eye instead.,"[75.37, 88.82]"
0,189.89,v_NiaE7amNW7s,A young female gymnast wearing red prepares for her balance beam routine in the Olympics.,"[0, 5.7]"
1,189.89,v_NiaE7amNW7s, The female gymnast runs to the springboard and jumps from it to the balance beam.,"[5.7, 8.55]"
2,189.89,v_NiaE7amNW7s, The female gymnast then does her tumbling routine on the balance beam while commentators explain what she is doing and how difficult it is.,"[0, 84.5]"
3,189.89,v_NiaE7amNW7s, A huge crowd watches and cheers the gymnast on.,"[0, 81.65]"
4,189.89,v_NiaE7amNW7s, An Asian man walks to the balance beam and pulls the springboard away from the beam.,"[7.6, 13.29]"
5,189.89,v_NiaE7amNW7s, The gymnast performs a difficult tumbling sequence and the crowd cheers louder than before.,"[28.48, 30.38]"
6,189.89,v_NiaE7amNW7s, People in the crowd that is watching the gymnast enter the gym and find seats while others stand up and exit the gym.,"[13.29, 83.55]"
7,189.89,v_NiaE7amNW7s, Another female gymnast walks past the balance beam in the background.,"[37.03, 38.93]"
8,189.89,v_NiaE7amNW7s, The female gymnast prepares for her dismount.,"[85.45, 87.35]"
9,189.89,v_NiaE7amNW7s, The female gymnast runs and completes a tumbling sequence to exit the balance beam.,"[87.35, 90.2]"
10,189.89,v_NiaE7amNW7s, The female gymnast lands perfectly and throws her arms straight up in the air with a huge smile on her face Other gymnasts in the background watch and clap.,"[90.2, 92.1]"
11,189.89,v_NiaE7amNW7s, A large group of photographers watch and take photographs of the gymnast.,"[89.25, 92.1]"
12,189.89,v_NiaE7amNW7s, The gymnast waves while spinning in a circle and then runs to the side of the gym floor.,"[93.05, 95.9]"
13,189.89,v_NiaE7amNW7s, Three Asian gymnasts in yellow watch and clap without smiling.,"[95.9, 100.64]"
14,189.89,v_NiaE7amNW7s, The gymnast in red hugs and talks to her other teammates and her coach while several photographers take photos of her.,"[101.59, 117.73]"
15,189.89,v_NiaE7amNW7s, The commentators replay several of the gymnasts more difficult tumbling sequences and her dismount in slow motion while explaining what she is doing.,"[119.63, 159.51]"
16,189.89,v_NiaE7amNW7s, The female gymnast hugs another coach and another one of her teammates while a man films them with a large camera.,"[162.36, 167.11]"
17,189.89,v_NiaE7amNW7s, All of the gymnasts on the United States team and their coaches walk through the gym while the crowd cheers very loudly.,"[169, 182.3]"
18,189.89,v_NiaE7amNW7s, Several gymnasts from other teams also walk past.,"[179.45, 187.04]"
19,189.89,v_NiaE7amNW7s, The female gymnast talks with her team while waiting for her score to be displayed.,"[184.2, 189.89]"
0,103.19,v_KvscV2XxyTE,Gymnast Micah Ross mounts the balance beam before a celebrated audience as the crowd cheers and shouts her name.,"[0, 16.51]"
1,103.19,v_KvscV2XxyTE," Her routine begins with a flip, split, and summersault.","[16.51, 29.93]"
2,103.19,v_KvscV2XxyTE, She then performs two backwards flips and a pirouette.,"[32.5, 46.44]"
3,103.19,v_KvscV2XxyTE, A forward flip and jump follows along with a sideways flip.,"[58.3, 63.98]"
4,103.19,v_KvscV2XxyTE," After briefly wobbling on the bar, Micah regains her composure and performs a forward summersault.","[64.49, 90.29]"
5,103.19,v_KvscV2XxyTE, Ross successfully dismounts with a double flip to the applause of the audience.,"[91.32, 103.19]"
0,146.24,v_3N1tbv5Z6Kk,A man in tuxedo and woman in party dress dance the tango in a ballroom surrounded by crowd in chairs during performance.,"[0, 140.39]"
1,146.24,v_3N1tbv5Z6Kk, The crowd cheers at the end and claps hands.,"[140.39, 146.24]"
0,174.29,v_3l7quTy4c2s,A cheerleader girl stands in the grass.,"[0, 7.84]"
1,174.29,v_3l7quTy4c2s, A young man wearing baseball hat greats her with a pie tin and jokes with her.,"[4.36, 7.84]"
2,174.29,v_3l7quTy4c2s, The man pushes a pie tin in the girls face as a joke getting her very messy.,"[7.84, 15.69]"
3,174.29,v_3l7quTy4c2s, A girl in gymnastics class does tumbling down a red mat with team looking on.,"[19.17, 25.27]"
4,174.29,v_3l7quTy4c2s, A woman cheerleader boxes with a mascot during a football game.,"[27.89, 30.5]"
5,174.29,v_3l7quTy4c2s, The mascot engulfs the girl and pulls her into his uniform.,"[29.63, 34.86]"
6,174.29,v_3l7quTy4c2s, A cheer leading group comes together in a circle holding hands and flip team members when one falls to the ground.,"[35.73, 40.96]"
7,174.29,v_3l7quTy4c2s, A group of cheerleaders in black to back flips on a track of football field.,"[41.83, 52.29]"
8,174.29,v_3l7quTy4c2s, A group of girls hoist up[ a teammate to do a human pyramid.,"[53.16, 66.23]"
9,174.29,v_3l7quTy4c2s, The teammate falls to the ground and lands on top of others.,"[67.1, 74.07]"
10,174.29,v_3l7quTy4c2s, A man in Hawaiian shirt sets up a trampoline during a basketball competition.,"[74.94, 79.3]"
11,174.29,v_3l7quTy4c2s, A group of cheerleaders hold up a woman together in front of the trampoline.,"[79.3, 91.5]"
12,174.29,v_3l7quTy4c2s, The man comes back running and jumps on the trampoline but knocks the girl over while performing his stunt.,"[91.5, 99.34]"
13,174.29,v_3l7quTy4c2s, A group of cheerleaders in red do somersaults on the field when one falls down.,"[99.34, 107.19]"
14,174.29,v_3l7quTy4c2s, A cheerleader girl in black does a back hand spring and falls to the ground.,"[105.44, 108.93]"
15,174.29,v_3l7quTy4c2s, A group of cheerleaders dance together with pom poms.,"[108.93, 112.42]"
16,174.29,v_3l7quTy4c2s, Another group of cheerleaders in the background lift up teammates when one falls over.,"[113.29, 116.77]"
17,174.29,v_3l7quTy4c2s, A group of cheerleaders in blue lift up teammates in competition when one falls to the ground.,"[117.65, 122]"
18,174.29,v_3l7quTy4c2s, A girl in white shirt talks to the camera.,"[122.87, 127.23]"
19,174.29,v_3l7quTy4c2s, the girl does a summersault but falls to the ground.,"[127.23, 129.85]"
20,174.29,v_3l7quTy4c2s, A girl in green shirt with friends does a high kick on a field but falls to the ground.,"[129.85, 132.46]"
21,174.29,v_3l7quTy4c2s, A cheerleader falls to the ground while dancing with group.,"[132.46, 137.69]"
22,174.29,v_3l7quTy4c2s, A cheerleader is lifted up into the hands of team when she falls to the ground.,"[137.69, 143.79]"
23,174.29,v_3l7quTy4c2s, A group of cheerleaders in yellow lift temmate in a pyramid but drop her.,"[144.66, 149.02]"
24,174.29,v_3l7quTy4c2s, A group of women jump from a trampoline and do slam dunks during basketball competition.,"[149.02, 155.12]"
25,174.29,v_3l7quTy4c2s, One girl misses the trampoline and runs into the mat.,"[156.86, 159.47]"
26,174.29,v_3l7quTy4c2s, Men from the basketball team rush over to check on her.,"[160.35, 174.29]"
0,131.38,v_hjsu3SGAdLs,A man wearing a blue shirt is playing the piano in a yard.,"[25.62, 45.33]"
1,131.38,v_hjsu3SGAdLs, There are two elephants standing behind him.,"[45.33, 52.55]"
2,131.38,v_hjsu3SGAdLs, One of the elephant is trying to play the piano with his trunk.,"[52.55, 67.66]"
3,131.38,v_hjsu3SGAdLs, The man continues to play the piano in a fast pace using various keys on the piano.,"[67.66, 93.28]"
4,131.38,v_hjsu3SGAdLs, He gives a big finish with the tune and then pats the elephant's trunk.,"[93.28, 98.53]"
